{
	"info": {
		"_postman_id": "6cb34423-aa45-4424-bc38-d8887e0570b1",
		"name": "Assignment1",
		"schema": "https://schema.getpostman.com/json/collection/v2.1.0/collection.json",
		"_exporter_id": "38560010"
	},
	"item": [
		{
			"name": "UserSignup",
			"request": {
				"method": "GET",
				"header": []
			},
			"response": []
		},
		{
			"name": "UserLogin",
			"request": {
				"method": "GET",
				"header": []
			},
			"response": []
		},
		{
			"name": "GetAllEmployees",
			"request": {
				"method": "GET",
				"header": []
			},
			"response": []
		},
		{
			"name": "Create Employee",
			"request": {
				"method": "GET",
				"header": []
			},
			"response": []
		},
		{
			"name": "GetEmployeeById",
			"request": {
				"method": "GET",
				"header": []
			},
			"response": []
		},
		{
			"name": "UpdateEmployee",
			"request": {
				"method": "GET",
				"header": []
			},
			"response": []
		},
		{
			"name": "DeleteEmployee",
			"request": {
				"method": "GET",
				"header": []
			},
			"response": []
		}
	]
}